<?xml version="1.0" encoding="UTF-8"?>
<project-private xmlns="http://www.netbeans.org/ns/project-private/1">
    <editor-bookmarks xmlns="http://www.netbeans.org/ns/editor-bookmarks/2" lastBookmarkId="0"/>
    <open-files xmlns="http://www.netbeans.org/ns/projectui-open-files/2">
        <group>
            <file>file:/C:/Users/DELL%205000S/Desktop/Sis.%20Info%20II/Programa/SistemasDeInformacion2-master/src/Ventamatricula/DatosEstudiante.java</file>
            <file>file:/C:/Users/DELL%205000S/Desktop/Sis.%20Info%20II/Programa/SistemasDeInformacion2-master/src/Ventamatricula/Horarios.java</file>
            <file>file:/C:/Users/DELL%205000S/Desktop/Sis.%20Info%20II/Programa/SistemasDeInformacion2-master/src/Ventamatricula/verificar.java</file>
        </group>
    </open-files>
</project-private>
